menus.cleanedNames,count
Cheese Pizza,1676
Greek Pizza,992
Buffalo Chicken Pizza,752
Pizza Steak,527
White Pizza,411
Pizza,369
Gluten Free Pizza,288
Hawaiian Pizza,282
Supreme Pizza,254
Veggie Pizza,240
Spinach Pizza,230
14ampquot White Pizza,219
Margherita Pizza,180
Pizza Burger,176
Pepperoni Pizza,168
Pizza Bread,131
Pepperoni Pizza Baking Required,130
Stuffed Pizza,128
Deep Dish Pizza,123
Shrimp Pizza,110
Salad Pizza,107
Pesto Pizza,102
Chicago Pizza,101
Pizza Sub,99
Chicken Wing Pizza,95
Grandma Pizza,95
S39mores Pizza,90
Taco Pizza,83
Pizza Bianca,78
Breakfast Pizza,77
Margarita Pizza,74
Pizza Pie,71
Pizza Fries,68
Baked Ziti Pizza,54
Veal Pizzaiola,53
Blt Pizza,52
The Original BBQ Chicken Pizza and Soup Lunch Duo,43
Pizza Mozzarella,43
Pizza Rolls,42
Quattro Formaggi Pizza,42
Gourmet White Pizza,41
French Bread Pizza,38
Chocolate Chip Pizza,36
Whole Wheat Pizza,36
Marinara Pizza,35
BYO Pizza Breadstix and Drink,33
Pineapple Pizza,27
Pizza Bento,26
Bruschetta Pizza,26
Pizza Sandwich,22
The Works Pizza,21
Tonys Veggie Pizza,20
5 Cheese ampamp Fresh Tomato Pizza,19
Pizza Sauce,18
Aloha Pizza,18
Pizza Constantine,17
Pita Pizza,17
Pronto Pizza,16
Neapolitan Pizza,15
Arugula Pizza,15
Pizza with Penne,15
Pizza Dog,14
Shrimp Scampi Pizza,14
Pizza Puff,14
John39s Favorite Pizza,13
5Th Street Pizza,13
Salmon Pizza,13
Pizza Night,13
Large OneTopping Pan Pizza,12
Upside Down Pizza,12
Carne Asada Pizza,12
Plue 2 liter Soda with 2ampcomma Pizza,12
Pizza Buccheri (the Butcher),11
Pizza Logs,11
8 Corner Pizza,11
Hand Tossed Pizza,11
Angus Steak and Roasted Garlic Pizza Baking Required,10
High Fiber Pizza,10
Bella Works Pizza,10
Western Pizza,10
Quesapizza,10
Loaded Baked Potato Pizza,9
Signature Pizza,9
Naga Pizza,9
Pizzano's Jumbo Garlic Knots,9
Spicy Fennel Sausage Pizza Baking Required,9
Santa Fe Pizza,9
Pastrami Pizza,8
Everest Pizza,7
Howie Special Pizza,7
Pizza Piccante,7
Honey Mustard Grilled Chicken Pizza,7
Extravaganza Pizza,7
Sampler Pizza,7
Carbonara Pizza,7
Mac and Cheese Pizza,6
Black Bean Pizza,6
Rio Ranch Pizza,6
Alamo Meat Pizza,6
Rossa Pizza,6
Stuts Pizza,5
Meat Feast Pizza on a Plate No Dough,5
Pizza Greca,5
Kens Pizza,5
Goat Cheese Pizza,5
All You Can Eat Pizza & Wings,5
Lucky 7 Pizza,5
S'mores Pizza Dessert,5
Bama Pizza,5
Pizza Dip,5
Triboro Pizza,4
Pizza Mare,4
Pizza Skins,4
Pride Pizza,4
Tino's Five Cheese Pizza,4
Paneer Tikka Masala Pizza,4
Sicilan Pizza,4
Apizza Amore,4
Pizza Bagel,4
Regular Slice Of Pizza Or Pasta Choiceampcomma Soda And Treat,4
Uncle Jesse Pizza,4
The Tremor Pizza,3
Stinger Pizza,3
Tour of Italy Pizza,3
Pizza Turnover,3
Tiger Pizza,3
Pizzazz,3
Pig Pen Pizza,3
Mythic Pizza,3
Bolognese Pizza Dinner,3
Pizza Beach Tee,3
UltiMeat Pizza,3
Rigatoni Pizza,3
Medium Pizza Forum's Special,3
Mantova Pizza,3
La Nova Super Steak Pizza,3
Mt. St. Helene's Pizza,2
Forbes Field Original Pizza,2
Slice of Indian Pizza Pick Up Only,2
Pizza Muffins,2
12ampquot 2Topping Personal Pizza not available after 3pm,2
"Brian Fisher's, Entente, Korean Fried Chicken Pizza",2
Ground Beef Pizza Slice,2
The Route 66 Pizza,2
White Mozzarella ampamp Riccota Pizza,2
Tree Hugger Pizza,2
Pizza Split Charge,2
Funghi Misti Pizza,2
Hitman Pizza,2
Pizza Street Buffet,2
Sweep The Kitchen Pizza,2
Cosmos Pizza,2
Dino's Combination Pizza (14 Large),2
Citrus Adobo Pizza,2
14ampquot Large MeatAPizza,2
Sweet and Sour Sesame Chicken Pizza,2
Methi Mutter Malai Pizza,1
Knollas Famous Dessert Pizza,1
Soldier & Sailors Supreme Pizza,1
6 Inches Baby Bearnoampaposs Pizzaampcomma,1
Wbs Pizza (Writers in Baltimore Schools),1
Rachel Ray's Favorite Pizza,1
Butter Parmesan Flavor To Entire Pizza,1
Pizza Cookie With Magpies Parlour Frozen Yogurt,1
Isabella Pizzarella,1
Endless Artisan Pizza Bar,1
Stinking Rose Pizza,1
"Lil' F. ""Pizza Burger""",1
834 2 Topping Cheese Pizza,1
"Bill Kim's, Urban Belly, Lemongrass Sausage Pizza",1
Moosehead Traditional Crust Pizza,1
Mumbai Ripieno Pizza,1
M&M Pizza,1
Wake ampamp Bake Pizza,1
Pizza Burger Wedge with Lettuce and Tomato,1
Pizza Insurance,1
Pizza Coop Mudslide,1
"Put a ""Lid"" On It! Stuff Any Pizza",1
