menus.cleanedNames,count
Cheese Pizza,1526
Buffalo Chicken Pizza,694
Greek Pizza,569
Pizza Steak,527
White Pizza,411
Gluten Free Pizza,288
Hawaiian Pizza,282
Supreme Pizza,249
Veggie Pizza,240
Pizza,209
14ampquot White Pizza,206
Margherita Pizza,180
Pizza Burger,176
Mexican Pizza,158
Pepperoni Pizza,157
Lasagna Pizza,144
Deluxe Pizza,139
Pizza Bread,131
Pepperoni Pizza Baking Required,130
Stuffed Pizza,126
Deep Dish Pizza,123
Spinach Pizza,116
Broccoli Pizza,114
Build Your Own Pizza,114
Pesto Pizza,102
Chicago Pizza,101
Pizza Sub,99
Shrimp Pizza,96
Chicken Wing Pizza,95
Salad Pizza,93
S39mores Pizza,90
Grandma Pizza,85
Taco Pizza,83
Pizza Bianca,78
Breakfast Pizza,77
Margarita Pizza,74
Pizza Pie,71
Pizza Fries,68
Napoli Pizza,67
Pizza Fritta,54
Baked Ziti Pizza,54
Veal Pizzaiola,53
Blt Pizza,52
Bbq Pizza,51
Pizza Mozzarella,43
The Original BBQ Chicken Pizza and Soup Lunch Duo,43
Pizza Rolls,41
Gourmet White Pizza,39
French Bread Pizza,38
Five Cheese Pizza,36
Whole Wheat Pizza,36
Marinara Pizza,35
Chocolate Chip Pizza,29
Pizza Bento,26
BYO Pizza Breadstix and Drink,26
Bruschetta Pizza,25
Quattro Formaggi Pizza,23
Pineapple Pizza,22
Pizza Sandwich,22
The Works Pizza,21
Tonys Veggie Pizza,20
Pizza Stromboli,19
Pizza Sauce,18
Aloha Pizza,18
Pita Pizza,17
Pizza Constantine,17
Pizza Vinnie,16
Pronto Pizza,16
Arugula Pizza,15
Neapolitan Pizza,15
"Pizza, Pop, Salad, Bread and Butter",14
Pizza Puff,14
Shrimp Scampi Pizza,14
Anchovy Pizza,14
Pizza Dog,14
Salmon Pizza,13
Large Pizza ampamp Wings Deal,13
Plue 2 liter Soda with 2ampcomma Pizza,12
Upside Down Pizza,12
Carne Asada Pizza,12
Large OneTopping Pan Pizza,12
5 Cheese ampamp Fresh Tomato Pizza,11
Hand Tossed Pizza,11
Pizza Buccheri (the Butcher),11
Pizza Logs,11
Roasted Red Pizza,11
8 Corner Pizza,11
Angus Steak and Roasted Garlic Pizza Baking Required,10
5Th Street Pizza,10
Western Pizza,10
Mama's Pizzaz,10
Santa Fe Pizza,9
Pizzano's Jumbo Garlic Knots,9
Loaded Baked Potato Pizza,9
Naga Pizza,9
Pizza with Penne,9
Signature Pizza,9
Spicy Fennel Sausage Pizza Baking Required,9
Bella Works Pizza,8
Pastrami Pizza,8
John39s Favorite Pizza,8
ampaposOld World Pizzaampapos,8
Everest Pizza,7
Sampler Pizza,7
Extravaganza Pizza,7
Honey Mustard Grilled Chicken Pizza,7
Jamaican Jerk Chicken Pizza,7
Carbonara Pizza,7
Pizza Night,7
Pizza Piccante,7
Putanesca Pizza,7
Quesapizza,7
"Jumbo 18"" Cheese Pizza",7
Howie Special Pizza,7
Black Bean Pizza,6
Alamo Meat Pizza,6
Rio Ranch Pizza,6
Pizza of the Week,6
Mac and Cheese Pizza,6
Pizza Steak Hoagie,6
Rossa Pizza,6
High Fiber Pizza,6
Goat Cheese Pizza,5
Bama Pizza,5
S'mores Pizza Dessert,5
Pizza Greca,5
Meat Feast Pizza on a Plate No Dough,5
Lucky 7 Pizza,5
Pizza Dawg,5
Create Your Own Wood Fired Pizza,5
Gino's Special Pizza,5
Stuts Pizza,5
Pizza Dip,5
Jack Sprat Pizza,5
All You Can Eat Pizza & Wings,5
Sicilan Pizza,4
Paneer Tikka Masala Pizza,4
Pride Pizza,4
Regular Slice Of Pizza Or Pasta Choiceampcomma Soda And Treat,4
Tino's Five Cheese Pizza,4
Heart Healthy Pizza,4
Apizza Amore,4
Triboro Pizza,4
Uncle Jesse Pizza,4
Pizza Bagel,4
Pizza Skins,4
Stinger Pizza,3
Pizza Turnover,3
The Tremor Pizza,3
Pizza Mare,3
UltiMeat Pizza,3
Mantova Pizza,3
Medium Pizza Forum's Special,3
Rigatoni Pizza,3
Tiger Pizza,3
Pizza Beach Tee,3
La Nova Super Steak Pizza,3
Healthy Heartland Pizza,3
Tour of Italy Pizza,3
N. Y. Stylepizza,3
Dante39s Peak Pizza,3
Bolognese Pizza Dinner,3
Pig Pen Pizza,3
Pizzazz,3
Mythic Pizza,3
Aaloo Gobi Pizza,2
Funghi Misti Pizza,2
Hitman Pizza,2
The Route 66 Pizza,2
New Bedford Portuguese Linguica Pizza,2
Forbes Field Original Pizza,2
White Mozzarella ampamp Riccota Pizza,2
Pizza Bites,2
Ground Beef Pizza Slice,2
Sweep The Kitchen Pizza,2
12ampquot 2Topping Personal Pizza not available after 3pm,2
Slice of Indian Pizza Pick Up Only,2
Pizza Muffins,2
Pizza Split Charge,2
Tree Hugger Pizza,2
Mt. St. Helene's Pizza,2
Citrus Adobo Pizza,2
Sweet and Sour Sesame Chicken Pizza,2
Kens Pizza,2
Pizza Street Buffet,2
Cosmos Pizza,2
14ampquot Large MeatAPizza,2
Dino's Combination Pizza (14 Large),2
"Brian Fisher's, Entente, Korean Fried Chicken Pizza",2
Methi Mutter Malai Pizza,1
Wbs Pizza (Writers in Baltimore Schools),1
Knollas Famous Dessert Pizza,1
6 Inches Baby Bearnoampaposs Pizzaampcomma,1
Soldier & Sailors Supreme Pizza,1
Stinking Rose Pizza,1
Isabella Pizzarella,1
Butter Parmesan Flavor To Entire Pizza,1
Endless Artisan Pizza Bar,1
"Lil' F. ""Pizza Burger""",1
La Luna's Best Pizza,1
Pizza Cookie With Magpies Parlour Frozen Yogurt,1
Rachel Ray's Favorite Pizza,1
834 2 Topping Cheese Pizza,1
Pizza Subserved On Fresh Rolls and Prepared On Grill.,1
Mumbai Ripieno Pizza,1
"Bill Kim's, Urban Belly, Lemongrass Sausage Pizza",1
Wake ampamp Bake Pizza,1
Moosehead Traditional Crust Pizza,1
Pizza Burger Wedge with Lettuce and Tomato,1
M&M Pizza,1
Pizza Insurance,1
Pizza Coop Mudslide,1
French Baked Brie On Pizza Bread,1
"Put a ""Lid"" On It! Stuff Any Pizza",1
